Element,ECP Engine,ACI Engine,SBC Engine,CalculatorEngine Method,ViewModel,Screen,Drawing,PDF Export,DXF Export,Parity Test,InputGuard,CodeReference,Validation,Status
Beam,ECPBeam.kt ✅,ACIBeam.kt ✅,SBCBeam.kt ✅,designBeam() ❌ STUB,BeamViewModel ✅,BeamScreen.kt ✅,ProfessionalBeamDrawing.kt ✅,NativePdfExporter 🔧,DxfWriter 🔧,BeamParityTest ✅,❌ Missing,❌ Missing,❌ Missing,STUB
Column,ECPColumn.kt ✅,ACIColumn.kt ✅,SBCColumn.kt ✅,designColumn() ❌ STUB,ColumnViewModel ✅,ColumnScreen.kt ✅,ProfessionalColumnDrawing.kt ✅,NativePdfExporter 🔧,DxfWriter 🔧,ColumnParityTest ✅,❌ Missing,❌ Missing,❌ Missing,STUB
Slab,ECPSlab.kt ✅,ACISlab.kt ✅,SBCSlab.kt ✅,designSlab() ⚠️ PARTIAL,SlabViewModel ✅,SlabScreen.kt ✅,ProfessionalSlabDrawing.kt ✅,NativePdfExporter 🔧,DxfWriter 🔧,SlabParityTest ✅,❌ Missing,❌ Missing,❌ Missing,PARTIAL
FlatSlab,ECPFlatSlab.kt ✅,ACIFlatSlab.kt ✅,❌ MISSING,designFlatSlab() ❌ MISSING,FlatSlabViewModel ✅,FlatSlabScreen.kt ✅,ProfessionalFlatSlabDrawing.kt 🔧,NativePdfExporter 🔧,DxfWriter 🔧,❌ MISSING,❌ Missing,❌ Missing,❌ Missing,MISSING
Footing,ECPFooting.kt ✅,ACIFooting.kt ✅,SBCFooting.kt ✅,calculateFooting() ❌ STUB,FootingViewModel ✅,FootingScreen.kt ✅,ProfessionalFootingDrawing.kt ✅,NativePdfExporter 🔧,DxfWriter 🔧,FootingParityTest ✅,❌ Missing,❌ Missing,❌ Missing,STUB
PileFoundation,ECPPileFoundation.kt ✅,❌ MISSING,SBCPileFoundation.kt ✅,designPileFoundation() ❌ MISSING,PileFoundationViewModel ✅,PileFoundationScreen.kt ✅,ProfessionalPileDrawing.kt 🔧,NativePdfExporter 🔧,DxfWriter 🔧,❌ MISSING,❌ Missing,❌ Missing,❌ Missing,MISSING
RetainingWall,ECPRetainingWall.kt ✅,ACIRetainingWall.kt ✅,SBCRetainingWall.kt ✅,designRetainingWall() ❌ STUB,RetainingWallViewModel ✅,RetainingWallScreen.kt ✅,ProfessionalRetainingWallDrawing.kt ✅,NativePdfExporter 🔧,DxfWriter 🔧,RetainingWallParityTest ✅,❌ Missing,❌ Missing,❌ Missing,STUB
Tank,ECPTank.kt ✅,ACITank.kt ✅,SBCTank.kt ✅,designTank() ❌ STUB,TankViewModel ✅,TankScreen.kt ✅,ProfessionalTankDrawing.kt ✅,NativePdfExporter 🔧,DxfWriter 🔧,TankParityTest ✅,❌ Missing,❌ Missing,❌ Missing,STUB
Stair,ECPStaircase.kt ✅,ACIStaircase.kt ✅,SBCStaircase.kt ✅,designStaircase() ⚠️ PARTIAL,StairViewModel ✅,StairScreen.kt ✅,ProfessionalStairDrawing.kt ✅,NativePdfExporter 🔧,DxfWriter 🔧,StairParityTest ✅,❌ Missing,❌ Missing,❌ Missing,PARTIAL
ShearWall,ECPShearWall.kt ✅,ACIShearWall.kt ✅,SBCShearWall.kt ✅,designShearWall() ❌ MISSING,ShearWallViewModel ✅,ShearWallScreen.kt ✅,ProfessionalShearWallDrawing.kt 🔧,NativePdfExporter 🔧,DxfWriter 🔧,❌ MISSING,❌ Missing,❌ Missing,❌ Missing,MISSING
Frame,ConcreteFrameDesign.kt ✅,SteelFrameDesign.kt ✅,SteelFrameDesign.kt ✅,designFrame() ❌ MISSING,FrameAnalysisViewModel ✅,FrameAnalysisScreen.kt ✅,ProfessionalFrameDrawing.kt 🔧,FrameAnalysisPdfExporter ✅,DxfWriter 🔧,FrameParityTest ✅,❌ Missing,❌ Missing,❌ Missing,MISSING
Seismic,ECPSeismic.kt ✅,ACISeismic.kt ✅,SBCSeismic.kt ✅,calculateSeismicLoads() ❌ STUB,SeismicViewModel ✅,SeismicScreen.kt ✅,ProfessionalSeismicDrawing.kt 🔧,NativePdfExporter 🔧,DxfWriter 🔧,❌ MISSING,❌ Missing,❌ Missing,❌ Missing,STUB
Steel,SteelDesignEngine.kt ✅,AISCSteelDesignEngine.kt ✅,SBCSteelDesignEngine.kt ✅,calculateSteelMember ✅,SteelViewModel ✅,SteelDesignScreen.kt ✅,ProfessionalSteelDrawing.kt ✅,SteelWarehouseProPdfExporter ✅,DxfWriter 🔧,SteelParityTest ✅,✅ (partial),✅ (partial),✅ (partial),COMPLETE
StrapFooting,ECPStrapFooting.kt ⚠️,ACIStrapFooting.kt ⚠️,SBCStrapFooting.kt ⚠️,calculateStrapFooting ⚠️ PARTIAL,StrapFootingViewModel ✅,StrapFootingScreen.kt ✅,ProfessionalFootingDrawing.kt ✅,NativePdfExporter 🔧,DxfWriter 🔧,❌ MISSING,❌ Missing,❌ Missing,❌ Missing,PARTIAL
DoublyReinforcedBeam,ECPDoublyReinforcedBeam.kt ✅,❌ MISSING,❌ MISSING,designDoublyReinforcedBeam ❌ MISSING,❌ MISSING,❌ MISSING,❌ MISSING,❌ MISSING,❌ MISSING,❌ Missing,❌ Missing,❌ Missing,MISSING
WaffleSlab,ECPHordiWaffleSlab.kt ✅,❌ MISSING,❌ MISSING,designWaffleSlab ❌ MISSING,❌ MISSING,❌ MISSING,❌ MISSING,❌ MISSING,❌ MISSING,❌ Missing,❌ Missing,❌ Missing,MISSING
HordiSlab,ECPHordiSlabWrapper.kt ✅,ACIJoistSlab.kt ✅,ACIJoistSlab.kt ✅,designSlab() ⚠️ PARTIAL,SlabViewModel ✅,SlabScreen.kt ✅,ProfessionalSlabDrawing.kt ✅,NativePdfExporter 🔧,DxfWriter 🔧,❌ MISSING,❌ Missing,❌ Missing,❌ Missing,PARTIAL

Legend: ✅ Complete | ⚠️ Partial/Needs Work | 🔧 Needs Development | ❌ Missing | ❌ STUB = returns dummy